id,name,address_1,address_2,city,state,postal_code,country,lat,lng
1,,,,,,,,39.4,3.2
2,,,,,,,,36.4,25.5
3,,,,,,,,38.9,1.4
4,,,,,,,,45.9,-84.6
6,,,,,,,,45.5,8.9
7,,,,,,,,-21.3,-159.8
8,,,,,,,,11.4,-86.0
9,,,,,,,,22.2,-159.5
10,,,,,,,,37.4,25.3
11,,,,,,,,-29.3,27.5
12,,,,,,,,37.9,-107.8
13,,,,,,,,20.8,-156.5
14,,,,,,,,42.6,18.2
15,,,,,,,,58.9,11.2
16,,,,,,,,39.0,117.7
17,,,,,,,,32.4,-104.2
18,,,,,,,,37.8,27.8
19,,,,,,,,42.2,-122.7
20,,,,,,,,60.1,-149.4
21,,,,,,,,3.6,72.8
22,,,,,,,,47.1,7.2
23,,,,,,,,34.9,-95.7
24,,,,,,,,-14.0,-171.8
25,,,,,,,,6.4,3.4
26,,,,,,,,-26.0,32.6
27,,,,,,,,6.4,3.4
28,,,,,,,,37.9,-107.9
29,,,,,,,,43.5,5.5
30,,,,,,,,27.8,-15.6
31,,,,,,,,37.4,25.4
32,,,,,,,,31.5,-87.0
33,,,,,,,,39.7,-80.0
16514,,,,,,,,12.6,99.9
34,,,,,,,,42.8,140.6
35,,,,,,,,40.0,116.5
36,,,,,,,,39.9,4.3
38,,,,,,,,25.8,-100.1
39,,,,,,,,40.8,-77.8
40,,,,,,,,-26.0,32.6
41,,,,,,,,50.6,3.1
42,,,,,,,,30.6,-96.3
43,,,,,,,,21.8,-72.2
44,,,,,,,,5.6,-0.2
45,,,,,,,,38.8,-76.1
46,,,,,,,,20.7,-156.4
47,,,,,,,,19.1,72.9
48,,,,,,,,18.7,-64.4
49,,,,,,,,48.9,-66.1
50,,,,,,,,34.9,32.4
51,,,,,,,,-6.3,39.6
52,,,,,,,,39.2,-107.0
53,,,,,,,,20.7,-156.5
54,,,,,,,,46.8,9.8
55,,,,,,,,44.4,26.1
56,,,,,,,,19.1,72.9
57,,,,,,,,45.9,-66.7
58,,,,,,,,20.7,-156.4
59,,,,,,,,34.8,-87.6
61,,,,,,,,9.0,38.8
62,,,,,,,,40.1,23.8
63,,,,,,,,17.1,-61.7
64,,,,,,,,9.7,100.1
65,,,,,,,,28.1,-16.7
66,,,,,,,,44.0,-92.5
67,,,,,,,,44.3,9.2
68,,,,,,,,37.4,-122.0
69,,,,,,,,23.7,-109.7
70,,,,,,,,-28.0,153.4
71,,,,,,,,49.2,-2.1
72,,,,,,,,40.8,-111.9
73,,,,,,,,23.7,-109.7
74,,,,,,,,41.3,-72.9
75,,,,,,,,35.4,-119.1
76,,,,,,,,39.6,-106.5
77,,,,,,,,20.7,-156.4
78,,,,,,,,31.3,-90.5
79,,,,,,,,38.3,-76.5
80,,,,,,,,-21.2,-159.8
81,,,,,,,,20.7,-87.0
82,,,,,,,,39.5,-106.0
83,,,,,,,,26.3,-80.1
85,,,,,,,,-4.6,55.4
86,,,,,,,,28.1,-16.7
87,,,,,,,,39.7,19.8
88,,,,,,,,31.8,120.0
89,,,,,,,,6.6,3.4
90,,,,,,,,33.3,-91.1
91,,,,,,,,20.8,-156.5
92,,,,,,,,38.9,-74.9
93,,,,,,,,32.6,-85.4
94,,,,,,,,-1.3,36.8
95,,,,,,,,42.2,-122.7
96,,,,,,,,38.5,-122.5
98,,,,,,,,6.4,3.4
99,,,,,,,,-6.1,39.5
100,,,,,,,,45.5,10.6
101,,,,,,,,37.8,20.9
102,,,,,,,,43.7,-114.4
103,,,,,,,,32.2,34.8
104,,,,,,,,18.6,73.9
105,,,,,,,,40.4,-74.1
106,,,,,,,,39.4,3.2
107,,,,,,,,52.2,0.4
108,,,,,,,,37.4,-122.1
109,,,,,,,,30.4,-91.1
110,,,,,,,,57.8,14.2
111,,,,,,,,32.3,-110.8
112,,,,,,,,43.7,-114.4
113,,,,,,,,33.7,73.1
114,,,,,,,,43.0,-84.2
116,,,,,,,,38.4,-76.5
118,,,,,,,,34.6,-118.1
119,,,,,,,,27.8,-15.7
120,,,,,,,,46.3,-96.6
121,,,,,,,,13.1,-59.6
122,,,,,,,,30.1,-96.4
123,,,,,,,,31.1,-81.4
124,,,,,,,,30.2,-93.3
125,,,,,,,,31.2,34.8
126,,,,,,,,43.5,5.5
127,,,,,,,,39.0,1.6
128,,,,,,,,40.8,-96.7
129,,,,,,,,40.8,-77.9
130,,,,,,,,-4.0,39.7
131,,,,,,,,44.8,-85.6
132,,,,,,,,13.0,77.6
133,,,,,,,,39.5,-106.1
134,,,,,,,,36.0,-90.5
135,,,,,,,,17.7,-88.0
136,,,,,,,,32.8,-97.3
137,,,,,,,,45.8,4.9
138,,,,,,,,28.0,34.4
139,,,,,,,,52.3,-113.8
140,,,,,,,,56.1,10.2
141,,,,,,,,20.9,-156.7
142,,,,,,,,56.2,-120.8
143,,,,,,,,50.7,-1.9
144,,,,,,,,26.4,-82.0
145,,,,,,,,55.2,-118.8
146,,,,,,,,35.7,-105.9
147,,,,,,,,37.6,-119.0
148,,,,,,,,43.0,-73.8
149,,,,,,,,25.3,51.5
150,,,,,,,,43.3,5.4
151,,,,,,,,22.2,-159.5
152,,,,,,,,53.5,-2.2
153,,,,,,,,43.7,-114.4
154,,,,,,,,18.5,-77.8
155,,,,,,,,40.6,14.4
156,,,,,,,,29.6,-90.7
157,,,,,,,,20.9,-100.7
158,,,,,,,,24.9,121.9
159,,,,,,,,50.9,7.0
160,,,,,,,,40.5,-106.8
161,,,,,,,,-25.2,131.0
162,,,,,,,,21.8,-72.2
163,,,,,,,,11.6,104.9
164,,,,,,,,30.6,104.1
165,,,,,,,,50.1,-122.9
166,,,,,,,,38.5,-121.7
168,,,,,,,,30.3,-98.9
169,,,,,,,,34.7,32.4
170,,,,,,,,13.1,-59.4
171,,,,,,,,68.2,14.6
88619,,,,,,,,39.6,19.9
172,,,,,,,,31.3,-94.7
173,,,,,,,,38.4,-122.4
174,,,,,,,,43.1,-72.9
175,,,,,,,,27.8,-15.7
176,,,,,,,,36.6,-79.4
177,,,,,,,,-17.7,168.3
178,,,,,,,,33.9,35.5
179,,,,,,,,37.6,-95.5
180,,,,,,,,50.6,3.2
181,,,,,,,,41.7,-86.3
182,,,,,,,,51.5,-0.1
183,,,,,,,,32.7,-100.9
184,,,,,,,,36.0,-80.0
185,,,,,,,,22.5,88.4
187,,,,,,,,24.8,-80.9
188,,,,,,,,30.7,-88.1
189,,,,,,,,31.7,-93.2
190,,,,,,,,43.3,3.2
191,,,,,,,,55.2,-118.8
192,,,,,,,,36.6,-4.5
193,,,,,,,,31.6,-87.9
194,,,,,,,,39.4,3.2
195,,,,,,,,39.5,-106.1
196,,,,,,,,55.0,-1.6
197,,,,,,,,49.8,-97.2
198,,,,,,,,36.4,25.5
199,,,,,,,,45.5,9.0
200,,,,,,,,-38.1,176.3
201,,,,,,,,30.4,-88.9
202,,,,,,,,39.5,-106.0
203,,,,,,,,43.6,1.4
204,,,,,,,,45.4,-71.9
205,,,,,,,,10.5,-84.7
206,,,,,,,,46.6,-120.5
207,,,,,,,,45.3,-72.2
208,,,,,,,,-26.4,153.1
209,,,,,,,,33.6,-7.6
210,,,,,,,,39.5,2.5
211,,,,,,,,40.6,-111.9
212,,,,,,,,34.5,-82.6
213,,,,,,,,30.4,-91.2
214,,,,,,,,27.9,-82.8
216,,,,,,,,37.0,-122.0
217,,,,,,,,35.9,-84.1
218,,,,,,,,39.8,-86.2
219,,,,,,,,30.6,-97.7
220,,,,,,,,38.6,-121.5
221,,,,,,,,40.0,-86.3
222,,,,,,,,37.4,25.3
223,,,,,,,,37.5,-120.9
224,,,,,,,,29.4,48.0
225,,,,,,,,44.9,-93.3
226,,,,,,,,42.4,-71.1
227,,,,,,,,50.1,-123.0
228,,,,,,,,29.6,-95.8
66253,,,,,,,,27.7,85.5
229,,,,,,,,40.0,-79.1
230,,,,,,,,34.1,-5.0
231,,,,,,,,43.7,11.2
232,,,,,,,,37.9,-122.1
233,,,,,,,,24.4,54.4
234,,,,,,,,53.5,-113.6
235,,,,,,,,39.3,-86.0
236,,,,,,,,4.9,114.9
237,,,,,,,,8.7,106.6
92371,,,,,,,,27.7,-15.6
238,,,,,,,,39.0,1.6
239,,,,,,,,39.9,32.9
240,,,,,,,,44.3,-88.4
241,,,,,,,,44.8,-93.8
242,,,,,,,,52.4,4.9
243,,,,,,,,56.1,10.2
245,,,,,,,,45.8,4.8
246,,,,,,,,34.8,-117.1
247,,,,,,,,48.5,-122.6
248,,,,,,,,28.4,-13.9
249,,,,,,,,24.5,54.6
250,,,,,,,,42.0,-87.7
251,,,,,,,,26.9,-82.1
252,,,,,,,,18.5,-77.9
253,,,,,,,,32.0,35.9
254,,,,,,,,28.9,-13.6
255,,,,,,,,18.5,73.9
256,,,,,,,,46.5,-80.9
257,,,,,,,,40.1,-105.1
258,,,,,,,,28.9,-82.6
259,,,,,,,,41.0,-91.5
260,,,,,,,,36.8,-87.5
261,,,,,,,,41.4,-73.4
262,,,,,,,,-41.3,174.8
263,,,,,,,,27.8,-82.8
264,,,,,,,,24.5,-81.8
265,,,,,,,,40.4,-86.1
266,,,,,,,,45.6,-62.0
267,,,,,,,,48.5,-122.6
268,,,,,,,,29.7,-82.3
269,,,,,,,,11.9,-86.0
270,,,,,,,,35.7,-105.9
271,,,,,,,,29.7,-98.1
272,,,,,,,,25.3,51.5
273,,,,,,,,54.3,18.6
274,,,,,,,,35.2,-120.7
275,,,,,,,,59.0,5.7
276,,,,,,,,35.6,-121.1
277,,,,,,,,38.1,13.4
278,,,,,,,,36.6,-4.6
279,,,,,,,,-33.9,18.4
280,,,,,,,,36.1,-96.0
281,,,,,,,,7.8,98.3
282,,,,,,,,37.4,-76.5
283,,,,,,,,35.6,-120.7
284,,,,,,,,34.7,-118.2
285,,,,,,,,45.5,9.0
286,,,,,,,,37.9,-84.6
287,,,,,,,,41.9,-103.6
288,,,,,,,,51.1,-115.4
289,,,,,,,,25.4,51.5
290,,,,,,,,-33.0,17.9
291,,,,,,,,47.6,-122.3
390,,,,,,,,60.4,22.3
293,,,,,,,,55.8,37.4
294,,,,,,,,34.0,-81.0
295,,,,,,,,40.7,-111.9
296,,,,,,,,56.2,10.2
297,,,,,,,,29.3,48.1
298,,,,,,,,-19.3,146.8
299,,,,,,,,39.1,-77.2
300,,,,,,,,49.7,-112.8
301,,,,,,,,41.1,-101.4
302,,,,,,,,37.8,-122.4
92485,,,,,,,,-28.5,-48.8
303,,,,,,,,34.7,-77.1
304,,,,,,,,39.7,-121.8
305,,,,,,,,13.5,144.8
306,,,,,,,,9.0,38.8
307,,,,,,,,38.1,-92.6
308,,,,,,,,36.7,-97.1
309,,,,,,,,41.2,1.1
310,,,,,,,,39.6,-106.0
311,,,,,,,,39.9,-83.8
312,,,,,,,,41.0,29.0
313,,,,,,,,35.6,-121.1
314,,,,,,,,52.2,0.1
315,,,,,,,,52.4,4.9
316,,,,,,,,40.2,29.1
318,,,,,,,,46.1,-64.8
319,,,,,,,,45.5,-123.8
320,,,,,,,,47.6,-122.2
321,,,,,,,,13.1,-59.6
322,,,,,,,,38.0,-79.8
323,,,,,,,,-28.6,153.6
324,,,,,,,,-36.8,174.8
325,,,,,,,,62.5,6.2
326,,,,,,,,40.9,-74.4
327,,,,,,,,44.6,-123.3
328,,,,,,,,64.1,-21.9
329,,,,,,,,43.2,-72.6
330,,,,,,,,45.3,-66.1
331,,,,,,,,7.4,134.5
332,,,,,,,,-41.3,174.8
333,,,,,,,,12.0,121.9
334,,,,,,,,35.4,-119.1
335,,,,,,,,33.6,-111.9
336,,,,,,,,35.5,-79.2
337,,,,,,,,33.3,-93.2
338,,,,,,,,46.4,-120.3
339,,,,,,,,-37.8,144.9
340,,,,,,,,30.4,-87.2
341,,,,,,,,42.3,-71.1
342,,,,,,,,41.0,-78.4
343,,,,,,,,42.5,-92.3
344,,,,,,,,39.4,23.0
345,,,,,,,,38.9,-107.0
346,,,,,,,,5.2,73.1
347,,,,,,,,40.8,-115.7
348,,,,,,,,49.3,-123.1
349,,,,,,,,22.3,114.2
350,,,,,,,,43.8,-88.5
351,,,,,,,,-28.0,153.4
352,,,,,,,,37.7,-77.5
353,,,,,,,,41.2,-75.9
354,,,,,,,,39.4,3.2
355,,,,,,,,51.2,6.8
356,,,,,,,,12.5,-70.0
357,,,,,,,,37.7,-82.8
358,,,,,,,,53.6,-113.6
359,,,,,,,,37.7,-89.0
360,,,,,,,,32.3,-64.8
361,,,,,,,,38.0,-122.1
362,,,,,,,,36.8,-108.1
363,,,,,,,,38.1,-97.9
364,,,,,,,,41.9,-70.6
365,,,,,,,,49.0,-122.3
366,,,,,,,,30.6,-96.3
367,,,,,,,,30.0,-91.9
368,,,,,,,,40.7,-96.6
370,,,,,,,,38.5,-121.7
371,,,,,,,,42.3,-71.6
372,,,,,,,,38.1,-97.9
374,,,,,,,,41.8,-70.1
375,,,,,,,,-16.9,145.8
376,,,,,,,,44.0,-90.5
378,,,,,,,,41.0,39.8
379,,,,,,,,42.0,-93.9
380,,,,,,,,46.3,-79.5
381,,,,,,,,44.6,-121.1
382,,,,,,,,53.4,-6.3
383,,,,,,,,41.5,-82.0
384,,,,,,,,36.0,-84.0
385,,,,,,,,24.8,121.8
386,,,,,,,,43.3,5.4
387,,,,,,,,46.9,19.7
388,,,,,,,,41.9,12.5
389,,,,,,,,36.9,14.7
377,,,,,,,,40.7,-111.5
391,,,,,,,,26.8,-80.0
392,,,,,,,,45.5,9.2
393,,,,,,,,40.1,-88.2
394,,,,,,,,-41.1,146.8
395,,,,,,,,44.1,-92.5
396,,,,,,,,59.3,18.1
397,,,,,,,,46.3,-63.1
398,,,,,,,,45.7,-111.1
399,,,,,,,,24.6,-81.7
400,,,,,,,,-37.8,144.9
401,,,,,,,,29.9,-81.3
402,,,,,,,,40.8,-111.9
403,,,,,,,,-36.8,174.8
404,,,,,,,,40.8,-111.9
405,,,,,,,,46.6,-120.5
406,,,,,,,,37.1,15.3
407,,,,,,,,46.4,-79.9
408,,,,,,,,25.1,55.4
409,,,,,,,,50.6,3.1
410,,,,,,,,-39.5,176.9
411,,,,,,,,32.1,119.0
412,,,,,,,,-37.8,145.0
413,,,,,,,,39.7,-91.4
414,,,,,,,,42.5,-83.5
415,,,,,,,,45.7,-111.1
416,,,,,,,,10.8,106.7
417,,,,,,,,48.6,7.8
418,,,,,,,,45.5,9.2
419,,,,,,,,40.0,116.4
420,,,,,,,,9.9,-84.0
421,,,,,,,,39.7,-80.0
422,,,,,,,,40.6,-81.8
423,,,,,,,,48.1,11.6
424,,,,,,,,37.6,-119.0
425,,,,,,,,30.3,-98.9
426,,,,,,,,-28.0,153.4
427,,,,,,,,39.7,-78.7
428,,,,,,,,46.1,-60.2
429,,,,,,,,38.0,23.8
430,,,,,,,,43.0,-77.0
431,,,,,,,,34.3,-86.3
432,,,,,,,,39.1,-87.4
433,,,,,,,,43.8,-91.3
434,,,,,,,,33.5,-112.4
435,,,,,,,,36.1,-83.3
436,,,,,,,,18.9,72.8
437,,,,,,,,42.7,-73.2
438,,,,,,,,-36.1,146.9
439,,,,,,,,-33.9,18.4
440,,,,,,,,51.5,0.0
441,,,,,,,,43.1,-76.2
442,,,,,,,,41.4,-122.4
443,,,,,,,,-33.9,18.9
444,,,,,,,,37.8,-122.4
445,,,,,,,,34.9,-110.1
446,,,,,,,,42.9,-73.8
447,,,,,,,,37.4,-122.1
448,,,,,,,,44.3,-88.5
449,,,,,,,,-38.1,144.4
450,,,,,,,,39.5,-119.7
451,,,,,,,,42.4,-123.2
452,,,,,,,,38.9,-99.3
453,,,,,,,,39.6,-83.6
454,,,,,,,,40.5,-81.5
455,,,,,,,,40.8,-115.8
456,,,,,,,,37.3,-95.3
457,,,,,,,,26.8,-81.4
458,,,,,,,,39.4,-74.6
459,,,,,,,,34.6,-120.1
460,,,,,,,,30.2,-81.7
461,,,,,,,,51.5,-0.2
462,,,,,,,,32.5,-92.1
463,,,,,,,,37.4,-87.5
464,,,,,,,,35.0,-78.9
465,,,,,,,,40.6,-105.1
466,,,,,,,,30.6,-96.4
467,,,,,,,,37.1,-120.3
468,,,,,,,,34.2,-77.8
469,,,,,,,,44.6,-123.3
470,,,,,,,,40.6,14.4
471,,,,,,,,-26.4,153.1
472,,,,,,,,49.5,-113.9
473,,,,,,,,-5.7,39.3
474,,,,,,,,34.7,-86.7
475,,,,,,,,47.7,-117.4
476,,,,,,,,36.8,-87.5
477,,,,,,,,30.2,-92.0
478,,,,,,,,44.4,-93.2
479,,,,,,,,47.2,-122.3
480,,,,,,,,52.5,-1.9
481,,,,,,,,35.3,-120.6
482,,,,,,,,47.7,-117.0
483,,,,,,,,39.7,-91.4
484,,,,,,,,-26.4,153.1
485,,,,,,,,42.2,-122.7
486,,,,,,,,51.8,-1.3
487,,,,,,,,45.6,9.3
488,,,,,,,,55.9,-3.2
489,,,,,,,,37.3,-93.1
490,,,,,,,,41.4,-85.7
491,,,,,,,,41.1,-101.7
492,,,,,,,,43.5,-112.0
493,,,,,,,,49.7,-112.8
494,,,,,,,,39.9,116.4
495,,,,,,,,-34.4,150.9
496,,,,,,,,-25.8,28.2
497,,,,,,,,33.9,-98.5
498,,,,,,,,36.1,-95.9
499,,,,,,,,59.9,17.6
500,,,,,,,,38.1,-121.3
501,,,,,,,,59.3,18.0
502,,,,,,,,28.7,-13.9
503,,,,,,,,34.7,-87.7
504,,,,,,,,57.5,-4.2
505,,,,,,,,37.1,-8.5
506,,,,,,,,37.8,-122.4
508,,,,,,,,47.7,-117.2
509,,,,,,,,59.4,24.7
510,,,,,,,,40.8,-89.7
511,,,,,,,,37.1,-80.4
512,,,,,,,,11.9,-86.0
513,,,,,,,,-36.8,174.8
514,,,,,,,,-41.4,147.1
515,,,,,,,,33.1,-83.3
516,,,,,,,,52.7,-8.6
517,,,,,,,,40.5,-74.4
518,,,,,,,,38.5,-107.9
519,,,,,,,,-28.0,153.4
520,,,,,,,,38.1,-81.1
521,,,,,,,,-37.9,145.0
523,,,,,,,,41.5,-71.3
524,,,,,,,,20.9,-156.7
525,,,,,,,,40.7,-73.6
526,,,,,,,,40.7,-85.0
527,,,,,,,,42.8,-106.2
528,,,,,,,,42.3,-83.0
529,,,,,,,,26.0,-97.5
530,,,,,,,,-18.1,178.4
531,,,,,,,,42.3,-83.0
532,,,,,,,,44.2,-86.3
533,,,,,,,,59.3,18.1
568,,,,,,,,41.7,-85.7
534,,,,,,,,29.4,48.0
535,,,,,,,,-13.8,-172.2
536,,,,,,,,19.1,72.9
537,,,,,,,,48.4,-123.4
538,,,,,,,,39.0,-95.8
539,,,,,,,,37.8,-100.0
540,,,,,,,,27.1,75.9
541,,,,,,,,42.6,-73.3
542,,,,,,,,29.9,-94.0
544,,,,,,,,23.1,113.3
545,,,,,,,,32.3,-95.3
546,,,,,,,,28.1,-16.7
547,,,,,,,,45.6,10.7
548,,,,,,,,40.7,-73.4
549,,,,,,,,39.8,-105.0
550,,,,,,,,43.4,3.3
551,,,,,,,,25.1,-80.4
552,,,,,,,,40.0,-76.2
553,,,,,,,,46.7,-92.2
554,,,,,,,,-12.7,132.8
555,,,,,,,,45.8,-108.5
556,,,,,,,,51.0,3.7
557,,,,,,,,23.6,58.4
558,,,,,,,,42.3,1.9
559,,,,,,,,40.0,-76.2
560,,,,,,,,55.2,-118.8
561,,,,,,,,47.0,-65.6
562,,,,,,,,36.5,-5.0
563,,,,,,,,38.8,-76.2
564,,,,,,,,37.5,-120.9
566,,,,,,,,-33.9,18.4
567,,,,,,,,33.2,-117.3
1144,,,,,,,,38.3,-122.7
569,,,,,,,,44.9,-76.3
570,,,,,,,,40.3,-84.2
571,,,,,,,,55.9,-3.2
572,,,,,,,,34.7,135.2
573,,,,,,,,27.3,-80.2
574,,,,,,,,36.4,-97.9
575,,,,,,,,-35.3,149.1
576,,,,,,,,43.0,-76.1
577,,,,,,,,53.9,10.7
578,,,,,,,,44.6,-69.6
579,,,,,,,,38.3,-0.5
580,,,,,,,,13.1,80.3
581,,,,,,,,16.2,-61.5
582,,,,,,,,41.6,-86.3
583,,,,,,,,37.7,-77.5
584,,,,,,,,28.0,34.4
585,,,,,,,,49.5,-119.6
586,,,,,,,,41.9,-87.8
587,,,,,,,,59.3,10.4
588,,,,,,,,39.2,-106.8
589,,,,,,,,-33.7,150.3
590,,,,,,,,47.0,-120.6
591,,,,,,,,44.1,-70.2
592,,,,,,,,40.0,116.5
593,,,,,,,,18.7,-68.4
594,,,,,,,,42.2,-83.7
595,,,,,,,,18.3,-67.2
596,,,,,,,,51.9,-8.6
597,,,,,,,,36.0,-78.9
598,,,,,,,,-20.9,55.4
599,,,,,,,,50.9,7.0
600,,,,,,,,36.1,-95.9
601,,,,,,,,32.1,-81.1
602,,,,,,,,31.2,121.5
603,,,,,,,,46.1,-118.3
604,,,,,,,,32.3,-95.3
605,,,,,,,,60.2,24.9
606,,,,,,,,33.5,-111.9
607,,,,,,,,-29.0,168.0
608,,,,,,,,30.4,-103.6
609,,,,,,,,38.6,-122.6
610,,,,,,,,30.6,-91.2
611,,,,,,,,52.5,-1.9
612,,,,,,,,41.1,-73.3
613,,,,,,,,-17.6,-149.6
614,,,,,,,,40.2,-111.7
615,,,,,,,,41.7,-91.6
616,,,,,,,,44.8,-87.4
617,,,,,,,,21.3,-157.8
618,,,,,,,,34.3,-84.5
620,,,,,,,,22.7,113.8
621,,,,,,,,11.3,-85.9
622,,,,,,,,51.4,-116.2
623,,,,,,,,50.9,7.0
625,,,,,,,,38.0,-87.5
626,,,,,,,,37.8,-84.3
627,,,,,,,,43.1,-73.8
628,,,,,,,,44.0,-92.5
629,,,,,,,,38.6,-122.6
630,,,,,,,,44.3,-76.6
631,,,,,,,,42.3,-71.1
632,,,,,,,,18.5,-68.4
633,,,,,,,,39.0,-122.9
634,,,,,,,,32.9,-96.9
635,,,,,,,,35.4,-99.4
637,,,,,,,,42.9,-77.2
638,,,,,,,,40.7,-76.2
639,,,,,,,,37.3,-122.0
640,,,,,,,,36.1,-79.5
641,,,,,,,,37.7,-119.0
642,,,,,,,,36.1,-79.9
643,,,,,,,,40.8,-73.0
644,,,,,,,,15.2,145.7
645,,,,,,,,41.7,-74.1
646,,,,,,,,-17.8,177.2
647,,,,,,,,42.9,-72.3
648,,,,,,,,23.0,72.5
649,,,,,,,,32.5,-92.6
650,,,,,,,,-25.3,152.9
619,,,,,,,,25.8,-80.2
651,,,,,,,,35.5,-99.0
652,,,,,,,,42.4,-71.1
653,,,,,,,,36.4,25.5
655,,,,,,,,30.6,-96.3
656,,,,,,,,40.8,-96.6
657,,,,,,,,41.5,-87.0
658,,,,,,,,38.2,-84.9
659,,,,,,,,51.1,-115.3
660,,,,,,,,29.8,121.5
661,,,,,,,,53.4,-3.0
662,,,,,,,,6.3,99.8
663,,,,,,,,39.5,-119.8
664,,,,,,,,6.6,3.4
665,,,,,,,,-19.3,146.8
666,,,,,,,,44.6,-79.4
667,,,,,,,,52.4,4.9
1145,,,,,,,,12.9,100.9
668,,,,,,,,47.2,-122.4
669,,,,,,,,41.0,29.0
670,,,,,,,,55.9,-3.2
671,,,,,,,,41.1,-73.4
672,,,,,,,,7.9,98.3
673,,,,,,,,33.9,35.5
674,,,,,,,,32.8,-96.8
675,,,,,,,,48.4,-122.3
676,,,,,,,,47.4,8.5
677,,,,,,,,39.0,1.3
678,,,,,,,,46.0,8.9
679,,,,,,,,53.6,10.0
680,,,,,,,,52.2,0.1
681,,,,,,,,29.6,-81.2
682,,,,,,,,49.4,11.1
683,,,,,,,,46.2,20.1
684,,,,,,,,36.5,-5.0
685,,,,,,,,36.7,-105.4
686,,,,,,,,53.5,-113.5
687,,,,,,,,55.5,8.4
688,,,,,,,,47.7,-122.3
689,,,,,,,,41.7,-86.2
690,,,,,,,,34.0,-80.9
691,,,,,,,,29.6,-81.2
692,,,,,,,,12.9,100.9
693,,,,,,,,12.1,-68.9
694,,,,,,,,41.0,-76.9
695,,,,,,,,35.7,139.7
696,,,,,,,,45.6,-94.2
697,,,,,,,,44.3,9.2
698,,,,,,,,26.7,128.2
699,,,,,,,,29.9,-98.0
700,,,,,,,,44.9,-91.9
701,,,,,,,,51.2,6.7
702,,,,,,,,40.8,-115.8
703,,,,,,,,-41.4,147.1
704,,,,,,,,42.3,-83.7
706,,,,,,,,39.0,-92.3
707,,,,,,,,39.0,-110.1
708,,,,,,,,21.9,120.8
709,,,,,,,,47.6,-122.4
710,,,,,,,,15.3,-61.4
711,,,,,,,,-41.3,174.8
712,,,,,,,,35.5,139.6
713,,,,,,,,44.7,-63.6
714,,,,,,,,-28.0,153.4
715,,,,,,,,41.4,-89.5
716,,,,,,,,31.2,121.5
717,,,,,,,,12.0,-61.8
718,,,,,,,,39.9,116.5
720,,,,,,,,32.0,-102.1
721,,,,,,,,-28.0,153.4
722,,,,,,,,53.4,-3.0
723,,,,,,,,22.9,-109.9
724,,,,,,,,40.4,-3.7
725,,,,,,,,18.7,-68.5
726,,,,,,,,30.3,-81.5
727,,,,,,,,45.4,9.1
728,,,,,,,,39.1,-88.6
729,,,,,,,,40.9,-81.4
730,,,,,,,,32.8,-97.1
731,,,,,,,,42.8,-83.7
732,,,,,,,,40.3,-103.8
733,,,,,,,,36.4,-97.9
734,,,,,,,,37.4,-6.0
735,,,,,,,,40.0,-76.7
736,,,,,,,,28.1,-80.6
737,,,,,,,,46.9,-96.8
738,,,,,,,,50.6,3.1
740,,,,,,,,30.4,-91.1
741,,,,,,,,32.8,-79.9
742,,,,,,,,43.9,-70.0
743,,,,,,,,30.2,120.2
744,,,,,,,,40.1,-75.5
745,,,,,,,,50.0,10.2
746,,,,,,,,45.6,-62.7
747,,,,,,,,51.0,11.0
748,,,,,,,,-33.9,151.2
749,,,,,,,,-35.3,149.1
750,,,,,,,,47.4,-120.3
751,,,,,,,,51.5,-0.1
752,,,,,,,,42.4,-71.1
753,,,,,,,,-31.4,152.9
754,,,,,,,,-34.4,150.9
755,,,,,,,,43.2,-123.4
756,,,,,,,,33.9,35.5
757,,,,,,,,56.0,-3.2
758,,,,,,,,49.0,8.4
759,,,,,,,,41.1,-81.6
760,,,,,,,,44.0,-75.9
761,,,,,,,,45.5,-73.5
762,,,,,,,,32.9,-96.8
763,,,,,,,,-28.9,153.6
764,,,,,,,,-34.4,150.9
765,,,,,,,,33.6,-101.9
766,,,,,,,,51.5,-0.1
767,,,,,,,,37.4,-6.0
768,,,,,,,,55.5,9.6
99413,,,,,,,,-29.9,31.0
769,,,,,,,,34.4,-119.6
770,,,,,,,,50.6,3.1
771,,,,,,,,22.2,113.5
772,,,,,,,,44.5,-81.4
773,,,,,,,,39.9,116.5
774,,,,,,,,41.8,-86.7
776,,,,,,,,45.3,-66.1
777,,,,,,,,4.0,73.5
778,,,,,,,,45.8,-108.5
779,,,,,,,,42.0,-71.1
780,,,,,,,,-35.3,149.1
781,,,,,,,,38.0,-87.5
67620,,,,,,,,35.0,32.4
782,,,,,,,,46.7,-123.0
783,,,,,,,,59.3,18.1
784,,,,,,,,22.8,121.2
785,,,,,,,,31.6,-84.2
787,,,,,,,,55.7,12.6
788,,,,,,,,31.2,121.4
789,,,,,,,,40.9,-115.7
790,,,,,,,,-26.1,28.1
791,,,,,,,,43.5,-80.2
792,,,,,,,,23.6,-75.9
793,,,,,,,,30.2,-92.1
794,,,,,,,,39.5,-118.8
795,,,,,,,,59.9,10.8
796,,,,,,,,39.6,-80.0
797,,,,,,,,34.7,135.5
798,,,,,,,,40.3,-76.9
799,,,,,,,,49.6,6.1
800,,,,,,,,42.5,-75.1
801,,,,,,,,45.5,9.2
802,,,,,,,,34.2,-86.9
804,,,,,,,,-34.7,150.9
806,,,,,,,,48.9,2.3
807,,,,,,,,50.1,14.4
808,,,,,,,,40.8,-74.5
809,,,,,,,,32.1,34.8
810,,,,,,,,34.6,-118.1
811,,,,,,,,22.8,113.7
812,,,,,,,,20.6,-87.1
813,,,,,,,,39.5,-0.3
786,,,,,,,,30.3,-97.7
815,,,,,,,,-37.9,145.0
816,,,,,,,,53.3,-6.3
817,,,,,,,,46.1,-122.9
818,,,,,,,,40.4,-120.6
819,,,,,,,,44.5,26.1
820,,,,,,,,28.4,-81.5
821,,,,,,,,-34.0,18.4
822,,,,,,,,-35.3,149.1
823,,,,,,,,48.8,9.1
825,,,,,,,,48.1,11.6
826,,,,,,,,37.4,-89.6
827,,,,,,,,-32.9,151.8
828,,,,,,,,51.5,-0.1
829,,,,,,,,9.5,76.4
830,,,,,,,,41.5,-74.1
831,,,,,,,,-43.5,172.6
832,,,,,,,,53.5,-2.2
833,,,,,,,,48.9,-67.5
834,,,,,,,,38.9,-74.9
835,,,,,,,,19.8,-90.5
836,,,,,,,,40.2,-80.2
838,,,,,,,,37.1,-8.7
839,,,,,,,,59.3,18.1
840,,,,,,,,56.0,-3.2
841,,,,,,,,10.0,-84.2
842,,,,,,,,43.1,-70.8
843,,,,,,,,46.1,-64.9
844,,,,,,,,7.1,125.6
845,,,,,,,,40.9,-72.7
846,,,,,,,,41.1,-112.0
847,,,,,,,,23.2,113.4
848,,,,,,,,30.1,-96.4
849,,,,,,,,37.3,-122.0
850,,,,,,,,45.5,-73.6
851,,,,,,,,37.4,-122.0
852,,,,,,,,32.6,-82.3
853,,,,,,,,34.5,-81.9
854,,,,,,,,39.9,-105.8
855,,,,,,,,-37.9,145.0
856,,,,,,,,47.6,-122.2
857,,,,,,,,29.4,-95.0
859,,,,,,,,51.5,0.0
860,,,,,,,,37.2,-93.3
861,,,,,,,,33.8,-84.4
862,,,,,,,,7.9,98.3
863,,,,,,,,-33.9,151.2
864,,,,,,,,15.0,74.0
865,,,,,,,,14.6,-90.5
866,,,,,,,,38.6,-121.1
867,,,,,,,,34.7,32.6
869,,,,,,,,-32.0,115.9
870,,,,,,,,52.2,-113.8
871,,,,,,,,35.8,-78.7
872,,,,,,,,49.2,-123.9
873,,,,,,,,39.8,-86.2
874,,,,,,,,50.8,4.4
875,,,,,,,,-37.8,145.0
876,,,,,,,,41.8,-70.5
877,,,,,,,,40.6,-122.4
878,,,,,,,,18.0,-76.8
879,,,,,,,,43.6,1.4
868,,,,,,,,39.5,-76.3
880,,,,,,,,27.5,-82.7
881,,,,,,,,3.6,73.0
882,,,,,,,,56.0,-3.2
883,,,,,,,,55.5,8.5
884,,,,,,,,39.9,116.4
885,,,,,,,,49.2,-97.9
886,,,,,,,,9.0,-79.5
887,,,,,,,,25.2,55.3
888,,,,,,,,25.2,55.3
889,,,,,,,,44.0,-71.1
890,,,,,,,,-35.3,149.1
891,,,,,,,,41.9,12.5
892,,,,,,,,30.3,-86.0
893,,,,,,,,52.0,-113.9
894,,,,,,,,31.2,121.5
895,,,,,,,,45.5,9.2
896,,,,,,,,32.7,-117.2
897,,,,,,,,47.4,8.5
898,,,,,,,,40.3,-74.7
899,,,,,,,,-32.7,151.3
900,,,,,,,,22.1,113.6
901,,,,,,,,35.1,-79.0
902,,,,,,,,48.9,2.3
903,,,,,,,,38.5,106.3
904,,,,,,,,44.5,-73.2
905,,,,,,,,27.9,34.3
906,,,,,,,,19.1,72.9
907,,,,,,,,53.5,-113.6
908,,,,,,,,49.9,-119.4
909,,,,,,,,41.5,-88.1
910,,,,,,,,34.4,-103.2
911,,,,,,,,39.6,-107.3
912,,,,,,,,-20.3,148.7
914,,,,,,,,40.4,-86.1
915,,,,,,,,43.5,-76.5
916,,,,,,,,52.5,-1.9
917,,,,,,,,35.0,-82.0
918,,,,,,,,24.4,54.4
919,,,,,,,,53.5,-113.6
920,,,,,,,,50.9,4.4
921,,,,,,,,18.0,-87.9
922,,,,,,,,32.7,-97.3
923,,,,,,,,39.7,-75.7
924,,,,,,,,35.1,-86.6
926,,,,,,,,51.8,-1.5
927,,,,,,,,42.0,-71.2
928,,,,,,,,37.7,-97.3
929,,,,,,,,37.5,-122.0
930,,,,,,,,41.8,-73.1
931,,,,,,,,39.6,-84.2
932,,,,,,,,41.1,-85.0
933,,,,,,,,37.8,-122.4
934,,,,,,,,50.7,-1.9
935,,,,,,,,47.6,-122.2
936,,,,,,,,40.6,-75.4
937,,,,,,,,52.2,20.8
938,,,,,,,,56.9,14.8
939,,,,,,,,33.6,-101.9
940,,,,,,,,44.3,-90.8
941,,,,,,,,41.0,-75.2
942,,,,,,,,32.5,-92.6
84517,,,,,,,,45.5,9.2
943,,,,,,,,42.6,-88.6
944,,,,,,,,50.5,4.5
945,,,,,,,,40.8,-84.1
946,,,,,,,,40.7,-82.5
947,,,,,,,,41.9,-87.6
948,,,,,,,,29.9,-97.9
949,,,,,,,,33.5,-112.1
950,,,,,,,,45.6,9.0
951,,,,,,,,37.4,-121.9
952,,,,,,,,37.8,-122.4
953,,,,,,,,35.0,-78.8
954,,,,,,,,43.3,-83.7
955,,,,,,,,32.8,-79.9
956,,,,,,,,28.6,-80.9
957,,,,,,,,39.0,-95.3
958,,,,,,,,48.8,2.4
959,,,,,,,,35.2,136.9
960,,,,,,,,10.3,-84.8
961,,,,,,,,41.9,12.5
962,,,,,,,,45.2,5.7
963,,,,,,,,43.0,-82.5
964,,,,,,,,-37.7,176.2
965,,,,,,,,50.9,4.4
966,,,,,,,,24.1,120.7
967,,,,,,,,34.1,-81.0
968,,,,,,,,48.3,10.9
969,,,,,,,,10.0,76.3
970,,,,,,,,37.1,-84.6
971,,,,,,,,33.4,-91.1
972,,,,,,,,53.6,10.0
973,,,,,,,,36.1,-115.0
974,,,,,,,,12.7,100.0
975,,,,,,,,40.1,-89.4
976,,,,,,,,39.1,-121.6
978,,,,,,,,40.5,-74.5
979,,,,,,,,32.0,35.9
980,,,,,,,,5.0,114.9
981,,,,,,,,-27.4,153.0
982,,,,,,,,43.5,7.0
983,,,,,,,,42.2,-85.7
984,,,,,,,,23.0,72.5
985,,,,,,,,34.9,-76.9
986,,,,,,,,44.9,-93.2
987,,,,,,,,45.9,6.6
988,,,,,,,,42.4,-71.3
989,,,,,,,,34.4,-80.1
990,,,,,,,,-33.9,18.4
991,,,,,,,,35.7,-88.9
992,,,,,,,,59.9,10.8
993,,,,,,,,38.9,-92.3
994,,,,,,,,35.0,135.8
995,,,,,,,,51.5,-0.2
996,,,,,,,,30.3,-98.9
997,,,,,,,,-42.4,173.7
998,,,,,,,,55.7,12.6
999,,,,,,,,22.6,120.3
1000,,,,,,,,36.7,-87.5
1001,,,,,,,,33.3,-105.6
1002,,,,,,,,10.8,106.7
1003,,,,,,,,42.2,-83.8
1004,,,,,,,,-28.0,153.4
1005,,,,,,,,32.0,-102.2
1006,,,,,,,,31.4,-81.5
1007,,,,,,,,33.6,-111.8
1008,,,,,,,,34.2,-119.2
1009,,,,,,,,40.9,-115.7
1010,,,,,,,,29.0,-95.9
1011,,,,,,,,52.5,-1.9
1012,,,,,,,,40.3,-111.7
1013,,,,,,,,32.3,-106.8
1014,,,,,,,,32.5,-86.4
1015,,,,,,,,51.5,-0.1
1016,,,,,,,,18.5,-68.4
1017,,,,,,,,32.5,-93.7
1018,,,,,,,,37.2,-121.8
1019,,,,,,,,32.9,-80.7
1020,,,,,,,,34.9,-89.8
1021,,,,,,,,41.1,-73.4
1022,,,,,,,,34.1,-5.0
1023,,,,,,,,19.6,-156.0
1024,,,,,,,,37.7,-97.2
1025,,,,,,,,41.9,12.5
